<?xml version="1.0" encoding="UTF-8"?>
<beans xmlns="http://www.springframework.org/schema/beans"  
    xmlns:xsi="http://www.w3.org/2001/XMLSchema-instance" 
    xmlns:context="http://www.springframework.org/schema/context"   
    xmlns:mvc="http://www.springframework.org/schema/mvc" 
    xsi:schemaLocation="http://www.springframework.org/schema/mvc     
    http://www.springframework.org/schema/mvc/spring-mvc-3.0.xsd  
http://www.springframework.org/schema/beans  
http://www.springframework.org/schema/beans/spring-beans-3.0.xsd  
http://www.springframework.org/schema/context  
http://www.springframework.org/schema/context/spring-context-3.0.xsd">
<context:component-scan base-package="com.nucleus"/>
<bean id="vResolver" class="org.springframework.web.servlet.view.InternalResourceViewResolver">
<property name="prefix" value="/WEB-INF/view/"/>
<property name="suffix" value=".jsp"/>
</bean>
<mvc:annotation-driven/>
<bean id="ds" class="org.springframework.jdbc.datasource.DriverManagerDataSource">
<property name="driverClassName" value="oracle.jdbc.driver.OracleDriver"/>
<property name="url" value="jdbc:oracle:thin:@10.1.50.198:1521:orcl"/>
<property name="username" value="sh"/>
<property name="password" value="sh"/>
</bean>

<bean id="jdbcTemplate" class="org.springframework.jdbc.core.JdbcTemplate">
<property name="dataSource" ref="ds"/>
</bean>
</beans>